"","name","order","mum","site","Provenences","proc"
"1","5001",1,"37","1","JUDY","4"
"2","5002",2,"64","1","JUDY","4"
"3","5003",3,"64","1","JUDY","4"
"4","5004",4,"18","1","JUDY","3"
"5","5005",5,"18","1","JUDY","3"
"6","5006",6,"18","1","JUDY","3"
"7","5008",7,"19","1","JUDY","3"
"8","5013",8,"41","1","JUDY","4"
"9","5014",9,"40","1","JUDY","4"
"10","5015",10,"40","1","JUDY","4"
"11","5016",11,"40","1","JUDY","4"
"12","5017",12,"1","1","JUDY","3"
"13","5018",13,"1","1","JUDY","3"
"14","5019",14,"4","1","JUDY","3"
"15","5020",15,"4","1","JUDY","3"
"16","5021",16,"4","1","JUDY","3"
"17","5022",17,"10","1","JUDY","3"
"18","5023",18,"10","1","JUDY","3"
"19","5024",19,"10","1","JUDY","3"
"20","5025",20,"11","1","JUDY","3"
"21","5026",21,"11","1","JUDY","3"
"22","5027",22,"11","1","JUDY","3"
"23","5028",23,"47","1","JUDY","4"
"24","5029",24,"47","1","JUDY","4"
"25","5030",25,"47","1","JUDY","4"
"26","5031",26,"28","1","JUDY","5"
"27","5032",27,"28","1","JUDY","5"
"28","5033",28,"28","1","JUDY","5"
"29","5034",29,"13","1","JUDY","3"
"30","5035",30,"13","1","JUDY","3"
"31","5036",31,"12","1","JUDY","3"
"32","5037",32,"12","1","JUDY","3"
"33","5038",33,"12","1","JUDY","3"
"34","5039",34,"58","1","JUDY","5"
"35","5040",35,"58","1","JUDY","5"
"36","5041",36,"58","1","JUDY","5"
"37","5042",37,"42","1","JUDY","2"
"38","5043",38,"42","1","JUDY","2"
"39","5044",39,"42","1","JUDY","2"
"40","5045",40,"42","1","JUDY","2"
"41","5046",41,"29","1","JUDY","4"
"42","5047",42,"29","1","JUDY","4"
"43","5048",43,"29","1","JUDY","4"
"44","5049",44,"54","1","JUDY","5"
"45","5050",45,"54","1","JUDY","5"
"46","5051",46,"23","1","JUDY","3"
"47","5052",47,"23","1","JUDY","3"
"48","5053",48,"53","1","JUDY","5"
"49","5055",49,"38","1","JUDY","4"
"50","5056",50,"38","1","JUDY","4"
"51","5057",51,"38","1","JUDY","4"
"52","5058",52,"43","1","JUDY","1"
"53","5059",53,"43","1","JUDY","1"
"54","5060",54,"43","1","JUDY","1"
"55","5061",55,"44","1","JUDY","1"
"56","5062",56,"44","1","JUDY","1"
"57","5063",57,"44","1","JUDY","1"
"58","5064",58,"44","1","JUDY","1"
"59","5065",59,"36","1","JUDY","4"
"60","5066",60,"36","1","JUDY","4"
"61","5067",61,"36","1","JUDY","4"
"62","5068",62,"36","1","JUDY","4"
"63","5069",63,"49","1","JUDY","4"
"64","5070",64,"49","1","JUDY","4"
"65","5071",65,"49","1","JUDY","4"
"66","5072",66,"55","1","JUDY","3"
"67","5073",67,"55","1","JUDY","3"
"68","5074",68,"45","1","JUDY","4"
"69","5075",69,"45","1","JUDY","4"
"70","5076",70,"45","1","JUDY","4"
"71","5078",71,"60","1","JUDY","4"
"72","5080",72,"15","1","JUDY","3"
"73","5081",73,"15","1","JUDY","3"
"74","5082",74,"15","1","JUDY","3"
"75","5083",75,"16","1","JUDY","3"
"76","5084",76,"16","1","JUDY","3"
"77","5085",77,"16","1","JUDY","3"
"78","5086",78,"17","1","JUDY","3"
"79","5087",79,"35","1","JUDY","4"
"80","5088",80,"35","1","JUDY","4"
"81","5089",81,"26","1","JUDY","5"
"82","5090",82,"26","1","JUDY","5"
"83","5091",83,"61","1","JUDY","3"
"84","5092",84,"66","1","JUDY","5"
"85","5093",85,"66","1","JUDY","5"
"86","5095",86,"52","1","JUDY","4"
"87","5096",87,"52","1","JUDY","4"
"88","5097",88,"51","1","JUDY","4"
"89","5098",89,"51","1","JUDY","4"
"90","5100",90,"31","1","JUDY","4"
"91","5101",91,"47","1","JUDY","4"
"92","5102",92,"10","1","JUDY","3"
"93","5103",93,"10","1","JUDY","3"
"94","5104",94,"11","1","JUDY","3"
"95","5105",95,"11","1","JUDY","3"
"96","5106",96,"55","1","JUDY","3"
"97","5107",97,"55","1","JUDY","3"
"98","5108",98,"45","1","JUDY","4"
"99","5109",99,"45","1","JUDY","4"
"100","5112",100,"26","1","JUDY","5"
"101","5113",101,"26","1","JUDY","5"
"102","5114",102,"26","1","JUDY","5"
"103","5116",103,"36","1","JUDY","4"
"104","5118",104,"44","1","JUDY","1"
"105","5119",105,"43","1","JUDY","1"
"106","5120",106,"6","1","JUDY","3"
"107","5121",107,"6","1","JUDY","3"
"108","5122",108,"6","1","JUDY","3"
"109","5123",109,"31","1","JUDY","4"
"110","5124",110,"31","1","JUDY","4"
"111","5125",111,"31","1","JUDY","4"
"112","5126",112,"30","1","JUDY","4"
"113","5127",113,"42","1","JUDY","2"
"114","5129",114,"58","1","JUDY","5"
"115","5130",115,"12","1","JUDY","3"
"116","5131",116,"12","1","JUDY","3"
"117","5132",117,"12","1","JUDY","3"
"118","5133",118,"12","1","JUDY","3"
"119","5134",119,"13","1","JUDY","3"
"120","5135",120,"13","1","JUDY","3"
"121","5136",121,"13","1","JUDY","3"
"122","5137",122,"28","1","JUDY","5"
"123","5138",123,"7","1","JUDY","3"
"124","5139",124,"7","1","JUDY","3"
"125","5140",125,"7","1","JUDY","3"
"126","5141",126,"7","1","JUDY","3"
"127","5142",127,"18","1","JUDY","3"
"128","5143",128,"18","1","JUDY","3"
"129","5144",129,"37","1","JUDY","4"
"130","5146",130,"64","1","JUDY","4"
"131","5147",131,"64","1","JUDY","4"
"132","5148",132,"65","1","JUDY","4"
"133","5149",133,"39","1","JUDY","4"
"134","5150",134,"39","1","JUDY","4"
"135","5151",135,"17","1","JUDY","3"
"136","5152",136,"17","1","JUDY","3"
"137","5153",137,"16","1","JUDY","3"
"138","5154",138,"16","1","JUDY","3"
"139","5155",139,"63","1","JUDY","4"
"140","5156",140,"63","1","JUDY","4"
"141","5157",141,"63","1","JUDY","4"
"142","5158",142,"20","1","JUDY","3"
"143","5159",143,"54","1","JUDY","5"
"144","5160",144,"53","1","JUDY","5"
"145","5162",145,"23","1","JUDY","3"
"146","5163",146,"23","1","JUDY","3"
"147","5164",147,"23","1","JUDY","3"
"148","5165",148,"29","1","JUDY","4"
"149","5166",149,"29","1","JUDY","4"
"150","5167",150,"38","1","JUDY","4"
"151","5168",151,"38","1","JUDY","4"
"152","5169",152,"40","1","JUDY","4"
"154","5171",153,"1","1","JUDY","3"
"153","5170",154,"1","1","JUDY","3"
"155","5172",155,"52","1","JUDY","4"
"156","5173",156,"52","1","JUDY","4"
"157","5174",157,"52","1","JUDY","4"
"158","5175",158,"51","1","JUDY","4"
"159","5177",159,"6","1","JUDY","3"
"160","5178",160,"6","1","JUDY","3"
"161","5179",161,"8","1","JUDY","3"
"162","5180",162,"7","1","JUDY","3"
"164","5184",163,"58","1","JUDY","5"
"163","5183",164,"58","1","JUDY","5"
"165","5185",165,"28","1","JUDY","5"
"166","5186",166,"28","1","JUDY","5"
"167","5187",167,"35","1","JUDY","4"
"168","5188",168,"35","1","JUDY","4"
"169","5189",169,"39","1","JUDY","4"
"170","5190",170,"39","1","JUDY","4"
"171","5191",171,"39","1","JUDY","4"
"172","5192",172,"15","1","JUDY","3"
"173","5193",173,"15","1","JUDY","3"
"174","5195",174,"16","1","JUDY","3"
"175","5196",175,"17","1","JUDY","3"
"177","5198",176,"37","1","JUDY","4"
"176","5197",177,"37","1","JUDY","4"
"178","5199",178,"18","1","JUDY","3"
"179","5200",179,"18","1","JUDY","3"
"180","5201",180,"64","1","JUDY","4"
"181","5202",181,"65","1","JUDY","4"
"182","5203",182,"38","1","JUDY","4"
"183","5204",183,"52","1","JUDY","4"
"184","5205",184,"52","1","JUDY","4"
"185","5206",185,"52","1","JUDY","4"
"186","5208",186,"60","1","JUDY","4"
"187","5209",187,"45","1","JUDY","4"
"188","5210",188,"55","1","JUDY","3"
"189","5211",189,"55","1","JUDY","3"
"190","5212",190,"55","1","JUDY","3"
"191","5213",191,"10","1","JUDY","3"
"192","5214",192,"10","1","JUDY","3"
"193","5215",193,"47","1","JUDY","4"
"194","5216",194,"47","1","JUDY","4"
"195","5217",195,"11","1","JUDY","3"
"196","5218",196,"43","1","JUDY","1"
"197","5219",197,"43","1","JUDY","1"
"198","5220",198,"36","1","JUDY","4"
"199","5221",199,"49","1","JUDY","4"
"200","5222",200,"49","1","JUDY","4"
"201","5224",201,"63","1","JUDY","4"
"202","5225",202,"63","1","JUDY","4"
"203","5226",203,"54","1","JUDY","5"
"204","5227",204,"54","1","JUDY","5"
"205","5228",205,"29","1","JUDY","4"
"206","5229",206,"29","1","JUDY","4"
"207","5230",207,"29","1","JUDY","4"
"208","5231",208,"23","1","JUDY","3"
"209","5232",209,"53","1","JUDY","5"
"210","5233",210,"31","1","JUDY","4"
"211","5234",211,"31","1","JUDY","4"
"212","5235",212,"31","1","JUDY","4"
"213","5236",213,"42","1","JUDY","2"
"214","5237",214,"1","1","JUDY","3"
"215","5238",215,"41","1","JUDY","4"
"216","5239",216,"41","1","JUDY","4"
"217","5240",217,"4","1","JUDY","3"
"219","5242",218,"40","1","JUDY","4"
"218","5241",219,"40","1","JUDY","4"
"220","5243",220,"11","1","JUDY","3"
"221","5244",221,"11","1","JUDY","3"
"222","5245",222,"10","1","JUDY","3"
"223","5246",223,"47","1","JUDY","4"
"224","5248",224,"7","1","JUDY","3"
"225","5249",225,"7","1","JUDY","3"
"226","5250",226,"12","1","JUDY","3"
"227","5251",227,"12","1","JUDY","3"
"228","5252",228,"56","1","JUDY","5"
"229","5253",229,"58","1","JUDY","5"
"230","5254",230,"28","1","JUDY","5"
"231","5255",231,"28","1","JUDY","5"
"232","5256",232,"13","1","JUDY","3"
"233","5257",233,"13","1","JUDY","3"
"234","5258",234,"38","1","JUDY","4"
"235","5260",235,"38","1","JUDY","4"
"236","5262",236,"37","1","JUDY","4"
"237","5263",237,"18","1","JUDY","3"
"238","5264",238,"37","1","JUDY","4"
"239","5265",239,"18","1","JUDY","3"
"240","5266",240,"63","1","JUDY","4"
"241","5267",241,"63","1","JUDY","4"
"242","5268",242,"9","1","JUDY","3"
"243","5269",243,"26","1","JUDY","5"
"244","5270",244,"26","1","JUDY","5"
"245","5271",245,"26","1","JUDY","5"
"246","5272",246,"66","1","JUDY","5"
"247","5273",247,"66","1","JUDY","5"
"248","5274",248,"35","1","JUDY","4"
"249","5275",249,"35","1","JUDY","4"
"250","5276",250,"42","1","JUDY","2"
"251","5277",251,"42","1","JUDY","2"
"252","5279",252,"36","1","JUDY","4"
"253","5280",253,"49","1","JUDY","4"
"254","5281",254,"49","1","JUDY","4"
"255","5282",255,"49","1","JUDY","4"
"256","5283",256,"44","1","JUDY","1"
"257","5284",257,"44","1","JUDY","1"
"258","5285",258,"44","1","JUDY","1"
"259","5286",259,"43","1","JUDY","1"
"260","5287",260,"43","1","JUDY","1"
"261","5288",261,"39","1","JUDY","4"
"262","5289",262,"39","1","JUDY","4"
"263","5290",263,"39","1","JUDY","4"
"264","5291",264,"41","1","JUDY","4"
"265","5292",265,"1","1","JUDY","3"
"266","5293",266,"1","1","JUDY","3"
"267","5294",267,"40","1","JUDY","4"
"268","5295",268,"40","1","JUDY","4"
"269","5296",269,"4","1","JUDY","3"
"270","5297",270,"4","1","JUDY","3"
"271","5298",271,"17","1","JUDY","3"
"272","5299",272,"15","1","JUDY","3"
"273","5300",273,"15","1","JUDY","3"
"274","5301",274,"16","1","JUDY","3"
"275","5302",275,"16","1","JUDY","3"
"276","5303",276,"6","1","JUDY","3"
"277","5304",277,"6","1","JUDY","3"
"278","5305",278,"55","1","JUDY","3"
"279","5306",279,"55","1","JUDY","3"
"280","5307",280,"55","1","JUDY","3"
"281","5310",281,"45","1","JUDY","4"
"282","5311",282,"45","1","JUDY","4"
"283","5312",283,"53","1","JUDY","5"
"284","5313",284,"53","1","JUDY","5"
"285","5314",285,"53","1","JUDY","5"
"286","5315",286,"53","1","JUDY","5"
"287","5316",287,"23","1","JUDY","3"
"288","5317",288,"54","1","JUDY","5"
"289","5318",289,"54","1","JUDY","5"
"290","5319",290,"31","1","JUDY","4"
"291","5320",291,"52","1","JUDY","4"
"292","5321",292,"52","1","JUDY","4"
"293","5322",293,"51","1","JUDY","4"
"294","5323",294,"51","1","JUDY","4"
"295","5324",295,"51","1","JUDY","4"
"296","5326",296,"26","1","JUDY","5"
"297","5327",297,"24","1","JUDY","5"
"298","5328",298,"66","1","JUDY","5"
"299","5329",299,"66","1","JUDY","5"
"300","5330",300,"49","1","JUDY","4"
"301","5331",301,"49","1","JUDY","4"
"302","5332",302,"43","1","JUDY","1"
"303","5333",303,"43","1","JUDY","1"
"304","5334",304,"36","1","JUDY","4"
"305","5335",305,"36","1","JUDY","4"
"306","5336",306,"1","1","JUDY","3"
"307","5337",307,"35","1","JUDY","4"
"308","5338",308,"35","1","JUDY","4"
"309","5339",309,"35","1","JUDY","4"
"310","5340",310,"35","1","JUDY","4"
"311","5341",311,"41","1","JUDY","4"
"312","5342",312,"1","1","JUDY","3"
"313","5343",313,"40","1","JUDY","4"
"314","5344",314,"41","1","JUDY","4"
"315","5346",315,"4","1","JUDY","3"
"316","5347",316,"4","1","JUDY","3"
"317","5348",317,"4","1","JUDY","3"
"318","5349",318,"36","1","JUDY","4"
"319","5350",319,"40","1","JUDY","4"
"320","5351",320,"3","1",NA,"3"
"321","5353",321,"42","1","JUDY","2"
"322","5354",322,"37","1","JUDY","4"
"323","5355",323,"37","1","JUDY","4"
"324","5356",324,"64","1","JUDY","4"
"325","5357",325,"65","1","JUDY","4"
"326","5358",326,"31","1","JUDY","4"
"327","5359",327,"31","1","JUDY","4"
"328","5360",328,"38","1","JUDY","4"
"329","5361",329,"15","1","JUDY","3"
"330","5362",330,"15","1","JUDY","3"
"331","5363",331,"15","1","JUDY","3"
"332","5364",332,"16","1","JUDY","3"
"333","5365",333,"17","1","JUDY","3"
"334","5366",334,"17","1","JUDY","3"
"335","5367",335,"6","1","JUDY","3"
"336","5368",336,"6","1","JUDY","3"
"337","5369",337,"63","1","JUDY","4"
"338","5370",338,"63","1","JUDY","4"
"339","5371",339,"13","1","JUDY","3"
"340","5372",340,"13","1","JUDY","3"
"341","5373",341,"12","1","JUDY","3"
"342","5374",342,"58","1","JUDY","5"
"343","5375",343,"58","1","JUDY","5"
"344","5376",344,"28","1","JUDY","5"
"345","5377",345,"28","1","JUDY","5"
"346","5378",346,"54","1","JUDY","5"
"347","5379",347,"54","1","JUDY","5"
"348","5380",348,"54","1","JUDY","5"
"349","5381",349,"53","1","JUDY","5"
"350","5382",350,"53","1","JUDY","5"
"351","5383",351,"23","1","JUDY","3"
"352","5384",352,"23","1","JUDY","3"
"353","5385",353,"29","1","JUDY","4"
"354","5386",354,"29","1","JUDY","4"
"355","5387",355,"45","1","JUDY","4"
"356","5388",356,"60","1","JUDY","4"
"357","5389",357,"60","1","JUDY","4"
"358","5390",358,"55","1","JUDY","3"
"359","5391",359,"55","1","JUDY","3"
"360","5393",360,"11","1","JUDY","3"
"361","5394",361,"10","1","JUDY","3"
"362","5395",362,"10","1","JUDY","3"
"363","5396",363,"39","1","JUDY","4"
"364","5397",364,"47","1","JUDY","4"
"365","5399",365,"39","1","JUDY","4"
"366","5400",366,"7","1","JUDY","3"
"367","5401",367,"7","1","JUDY","3"
"368","5402",368,"7","1","JUDY","3"
"369","5403",369,"51","1","JUDY","4"
"370","5404",370,"51","1","JUDY","4"
"371","5405",371,"47","2","VIRG","4"
"372","5406",372,"47","2","VIRG","4"
"373","5407",373,"11","2","VIRG","3"
"374","5408",374,"47","2","VIRG","4"
"375","5409",375,"11","2","VIRG","3"
"376","5410",376,"48","2","VIRG","4"
"377","5411",377,"66","2","VIRG","5"
"378","5412",378,"66","2","VIRG","5"
"379","5415",379,"26","2","VIRG","5"
"380","5416",380,"26","2","VIRG","5"
"381","5417",381,"25","2","VIRG","5"
"382","5418",382,"63","2","VIRG","4"
"383","5419",383,"60","2","VIRG","4"
"384","5420",384,"60","2","VIRG","4"
"385","5421",385,"55","2","VIRG","3"
"386","5423",386,"42","2","VIRG","2"
"387","5424",387,"23","2","VIRG","3"
"388","5425",388,"23","2","VIRG","3"
"389","5426",389,"54","2","VIRG","5"
"390","5427",390,"29","2","VIRG","4"
"391","5428",391,"53","2","VIRG","5"
"392","5429",392,"53","2","VIRG","5"
"393","5430",393,"31","2","VIRG","4"
"394","5431",394,"31","2","VIRG","4"
"395","5432",395,"31","2","VIRG","4"
"396","5433",396,"1","2","VIRG","3"
"397","5434",397,"1","2","VIRG","3"
"398","5435",398,"4","2","VIRG","3"
"399","5436",399,"4","2","VIRG","3"
"400","5437",400,"4","2","VIRG","3"
"401","5438",401,"4","2","VIRG","3"
"402","5439",402,"40","2","VIRG","4"
"403","5440",403,"40","2","VIRG","4"
"404","5441",404,"28","2","VIRG","5"
"405","5442",405,"13","2","VIRG","3"
"406","5443",406,"13","2","VIRG","3"
"1483","6581",407,"58","2","VIRG","5"
"1484","6582",408,"58","2","VIRG","5"
"1485","6583",409,"58","2","VIRG","5"
"407","5444",410,"12","2","VIRG","3"
"408","5445",411,"12","2","VIRG","3"
"409","5447",412,"39","2","VIRG","4"
"410","5450",413,"51","2","VIRG","4"
"411","5451",414,"52","2","VIRG","4"
"412","5452",415,"51","2","VIRG","4"
"413","5453",416,"15","2","VIRG","3"
"414","5454",417,"15","2","VIRG","3"
"415","5455",418,"15","2","VIRG","3"
"416","5456",419,"15","2","VIRG","3"
"417","5457",420,"17","2","VIRG","3"
"418","5458",421,"17","2","VIRG","3"
"419","5459",422,"17","2","VIRG","3"
"420","5460",423,"16","2","VIRG","3"
"421","5461",424,"16","2","VIRG","3"
"422","5462",425,"16","2","VIRG","3"
"423","5463",426,"16","2","VIRG","3"
"424","5464",427,"6","2","VIRG","3"
"425","5465",428,"6","2","VIRG","3"
"426","5466",429,"11","2","VIRG","3"
"427","5467",430,"11","2","VIRG","3"
"428","5469",431,"47","2","VIRG","4"
"429","5470",432,"10","2","VIRG","3"
"430","5471",433,"66","2","VIRG","5"
"431","5472",434,"1","2","VIRG","3"
"432","5474",435,"63","2","VIRG","4"
"433","5475",436,"63","2","VIRG","4"
"434","5476",437,"34","2","VIRG","4"
"435","5477",438,"53","2","VIRG","5"
"436","5478",439,"53","2","VIRG","5"
"437","5479",440,"23","2","VIRG","3"
"438","5480",441,"29","2","VIRG","4"
"439","5481",442,"29","2","VIRG","4"
"440","5482",443,"54","2","VIRG","5"
"441","5483",444,"54","2","VIRG","5"
"442","5484",445,"50","2","VIRG","4"
"443","5485",446,"43","2","VIRG","1"
"444","5486",447,"43","2","VIRG","1"
"445","5487",448,"49","2","VIRG","4"
"446","5488",449,"49","2","VIRG","4"
"447","5489",450,"49","2","VIRG","4"
"448","5490",451,"36","2","VIRG","4"
"449","5491",452,"36","2","VIRG","4"
"450","5492",453,"44","2","VIRG","1"
"451","5493",454,"44","2","VIRG","1"
"452","5494",455,"44","2","VIRG","1"
"453","5495",456,"44","2","VIRG","1"
"454","5496",457,"35","2","VIRG","4"
"455","5497",458,"35","2","VIRG","4"
"456","5498",459,"35","2","VIRG","4"
"457","5499",460,"22","2","VIRG","3"
"458","5500",461,"52","2","VIRG","4"
"459","5501",462,"52","2","VIRG","4"
"460","5502",463,"42","2","VIRG","2"
"461","5503",464,"7","2","VIRG","3"
"462","5504",465,"7","2","VIRG","3"
"463","5505",466,"6","2","VIRG","3"
"464","5506",467,"6","2","VIRG","3"
"465","5508",468,"60","2","VIRG","4"
"466","5509",469,"60","2","VIRG","4"
"467","5510",470,"60","2","VIRG","4"
"468","5511",471,"55","2","VIRG","3"
"469","5512",472,"55","2","VIRG","3"
"470","5513",473,"45","2","VIRG","4"
"471","5514",474,"39","2","VIRG","4"
"472","5519",475,"64","2","VIRG","4"
"473","5520",476,"64","2","VIRG","4"
"474","5521",477,"37","2","VIRG","4"
"475","5522",478,"37","2","VIRG","4"
"476","5523",479,"37","2","VIRG","4"
"1486","6584",480,"58","2","VIRG","5"
"477","5524",481,"12","2","VIRG","3"
"478","5525",482,"28","2","VIRG","5"
"479","5526",483,"28","2","VIRG","5"
"480","5527",484,"57","2","VIRG","5"
"481","5529",485,"45","2","VIRG","4"
"482","5530",486,"45","2","VIRG","4"
"483","5531",487,"60","2","VIRG","4"
"484","5532",488,"60","2","VIRG","4"
"485","5533",489,"55","2","VIRG","3"
"486","5535",490,"55","2","VIRG","3"
"487","5536",491,"53","2","VIRG","5"
"488","5537",492,"53","2","VIRG","5"
"489","5538",493,"53","2","VIRG","5"
"490","5539",494,"23","2","VIRG","3"
"491","5540",495,"23","2","VIRG","3"
"492","5541",496,"29","2","VIRG","4"
"493","5542",497,"29","2","VIRG","4"
"494","5543",498,"29","2","VIRG","4"
"495","5544",499,"29","2","VIRG","4"
"496","5545",500,"54","2","VIRG","5"
"497","5546",501,"54","2","VIRG","5"
"498","5547",502,"54","2","VIRG","5"
"499","5548",503,"54","2","VIRG","5"
"500","5549",504,"4","2","VIRG","3"
"501","5550",505,"4","2","VIRG","3"
"502","5551",506,"4","2","VIRG","3"
"503","5552",507,"41","2","VIRG","4"
"504","5553",508,"41","2","VIRG","4"
"505","5554",509,"41","2","VIRG","4"
"506","5555",510,"1","2","VIRG","3"
"507","5556",511,"1","2","VIRG","3"
"508","5557",512,"1","2","VIRG","3"
"509","5558",513,"40","2","VIRG","4"
"510","5559",514,"40","2","VIRG","4"
"511","5560",515,"40","2","VIRG","4"
"512","5561",516,"5","2","VIRG","3"
"513","5562",517,"39","2","VIRG","4"
"514","5563",518,"39","2","VIRG","4"
"515","5564",519,"39","2","VIRG","4"
"516","5565",520,"39","2","VIRG","4"
"517","5566",521,"7","2","VIRG","3"
"518","5567",522,"7","2","VIRG","3"
"519","5568",523,"52","2","VIRG","4"
"520","5569",524,"52","2","VIRG","4"
"521","5570",525,"51","2","VIRG","4"
"522","5571",526,"51","2","VIRG","4"
"523","5572",527,"38","2","VIRG","4"
"524","5573",528,"25","2","VIRG","5"
"525","5574",529,"66","2","VIRG","5"
"526","5575",530,"66","2","VIRG","5"
"527","5577",531,"6","2","VIRG","3"
"528","5578",532,"6","2","VIRG","3"
"529","5579",533,"6","2","VIRG","3"
"530","5580",534,"63","2","VIRG","4"
"531","5581",535,"63","2","VIRG","4"
"532","5582",536,"63","2","VIRG","4"
"533","5583",537,"63","2","VIRG","4"
"534","5584",538,"10","2","VIRG","3"
"535","5585",539,"10","2","VIRG","3"
"536","5586",540,"10","2","VIRG","3"
"537","5587",541,"10","2","VIRG","3"
"538","5588",542,"11","2","VIRG","3"
"539","5589",543,"11","2","VIRG","3"
"540","5590",544,"11","2","VIRG","3"
"541","5591",545,"47","2","VIRG","4"
"542","5592",546,"47","2","VIRG","4"
"543","5593",547,"47","2","VIRG","4"
"544","5594",548,"43","2","VIRG","1"
"545","5595",549,"43","2","VIRG","1"
"546","5596",550,"43","2","VIRG","1"
"547","5597",551,"49","2","VIRG","4"
"548","5598",552,"49","2","VIRG","4"
"549","5599",553,"49","2","VIRG","4"
"550","5600",554,"44","2","VIRG","1"
"551","5601",555,"44","2","VIRG","1"
"552","5602",556,"36","2","VIRG","4"
"553","5603",557,"36","2","VIRG","4"
"554","5604",558,"36","2","VIRG","4"
"555","5605",559,"36","2","VIRG","4"
"556","5606",560,"35","2","VIRG","4"
"557","5607",561,"35","2","VIRG","4"
"558","5608",562,"35","2","VIRG","4"
"559","5609",563,"13","2","VIRG","3"
"560","5610",564,"13","2","VIRG","3"
"561","5611",565,"13","2","VIRG","3"
"562","5612",566,"28","2","VIRG","5"
"563","5613",567,"28","2","VIRG","5"
"564","5614",568,"28","2","VIRG","5"
"565","5615",569,"28","2","VIRG","5"
"1487","6585",570,"58","2","VIRG","5"
"1488","6586",571,"58","2","VIRG","5"
"1489","6587",572,"58","2","VIRG","5"
"566","5616",573,"12","2","VIRG","3"
"567","5617",574,"12","2","VIRG","3"
"568","5618",575,"59","2","VIRG","5"
"569","5619",576,"16","2","VIRG","3"
"570","5620",577,"16","2","VIRG","3"
"571","5621",578,"17","2","VIRG","3"
"572","5622",579,"17","2","VIRG","3"
"573","5623",580,"17","2","VIRG","3"
"574","5625",581,"15","2","VIRG","3"
"575","5626",582,"15","2","VIRG","3"
"576","5627",583,"15","2","VIRG","3"
"577","5628",584,"15","2","VIRG","3"
"578","5629",585,"14","2","VIRG","3"
"579","5631",586,"31","2","VIRG","4"
"580","5632",587,"31","2","VIRG","4"
"581","5633",588,"31","2","VIRG","4"
"582","5634",589,"39","2","VIRG","4"
"583","5635",590,"39","2","VIRG","4"
"584","5636",591,"32","2","VIRG","4"
"585","5637",592,"42","2","VIRG","2"
"586","5638",593,"42","2","VIRG","2"
"587","5639",594,"42","2","VIRG","2"
"588","5640",595,"4","2","VIRG","3"
"589","5641",596,"41","2","VIRG","4"
"590","5642",597,"41","2","VIRG","4"
"591","5644",598,"40","2","VIRG","4"
"592","5645",599,"40","2","VIRG","4"
"593","5646",600,"1","2","VIRG","3"
"594","5647",601,"1","2","VIRG","3"
"595","5648",602,"1","2","VIRG","3"
"596","5649",603,"17","2","VIRG","3"
"597","5650",604,"15","2","VIRG","3"
"598","5652",605,"52","2","VIRG","4"
"599","5655",606,"63","2","VIRG","4"
"600","5656",607,"29","2","VIRG","4"
"601","5658",608,"65","2","VIRG","4"
"602","5659",609,"18","2","VIRG","3"
"603","5660",610,"18","2","VIRG","3"
"604","5661",611,"63","2","VIRG","4"
"605","5662",612,"37","2","VIRG","4"
"606","5663",613,"43","2","VIRG","1"
"607","5664",614,"43","2","VIRG","1"
"608","5665",615,"44","2","VIRG","1"
"609","5666",616,"44","2","VIRG","1"
"610","5667",617,"36","2","VIRG","4"
"611","5668",618,"36","2","VIRG","4"
"612","5669",619,"38","2","VIRG","4"
"613","5670",620,"38","2","VIRG","4"
"614","5671",621,"38","2","VIRG","4"
"615","5673",622,"35","2","VIRG","4"
"616","5674",623,"35","2","VIRG","4"
"617","5675",624,"67","2","VIRG","5"
"618","5676",625,"66","2","VIRG","5"
"619","5677",626,"26","2","VIRG","5"
"620","5678",627,"26","2","VIRG","5"
"621","5680",628,"10","2","VIRG","3"
"622","5681",629,"11","2","VIRG","3"
"623","5682",630,"11","2","VIRG","3"
"624","5683",631,"12","2","VIRG","3"
"625","5684",632,"12","2","VIRG","3"
"626","5685",633,"12","2","VIRG","3"
"627","5686",634,"13","2","VIRG","3"
"628","5687",635,"13","2","VIRG","3"
"629","5689",636,"60","2","VIRG","4"
"630","5690",637,"60","2","VIRG","4"
"631","5691",638,"60","2","VIRG","4"
"632","5692",639,"55","2","VIRG","3"
"633","5693",640,"45","2","VIRG","4"
"634","5694",641,"23","2","VIRG","3"
"635","5695",642,"53","2","VIRG","5"
"636","5696",643,"54","2","VIRG","5"
"637","5697",644,"29","2","VIRG","4"
"638","5698",645,"53","2","VIRG","5"
"639","5699",646,"23","2","VIRG","3"
"640","5700",647,"63","2","VIRG","4"
"641","5701",648,"6","2","VIRG","3"
"642","5702",649,"12","2","VIRG","3"
"643","5703",650,"12","2","VIRG","3"
"644","5704",651,"13","2","VIRG","3"
"1490","6590",652,"58","2","VIRG","5"
"645","5705",653,"28","2","VIRG","5"
"646","5706",654,"28","2","VIRG","5"
"647","5707",655,"43","2","VIRG","1"
"648","5708",656,"43","2","VIRG","1"
"649","5709",657,"43","2","VIRG","1"
"650","5710",658,"43","2","VIRG","1"
"651","5711",659,"49","2","VIRG","4"
"652","5712",660,"49","2","VIRG","4"
"653","5713",661,"49","2","VIRG","4"
"654","5714",662,"36","2","VIRG","4"
"655","5715",663,"36","2","VIRG","4"
"656","5716",664,"49","2","VIRG","4"
"657","5717",665,"44","2","VIRG","1"
"658","5718",666,"44","2","VIRG","1"
"659","5721",667,"26","2","VIRG","5"
"660","5722",668,"66","2","VIRG","5"
"661","5724",669,"67","2","VIRG","5"
"662","5725",670,"62","2","VIRG","3"
"663","5726",671,"41","2","VIRG","4"
"664","5727",672,"45","2","VIRG","4"
"665","5728",673,"39","2","VIRG","4"
"666","5729",674,"39","2","VIRG","4"
"667","5730",675,"54","2","VIRG","5"
"668","5731",676,"54","2","VIRG","5"
"669","5732",677,"23","2","VIRG","3"
"670","5733",678,"23","2","VIRG","3"
"671","5734",679,"53","2","VIRG","5"
"672","5735",680,"37","2","VIRG","4"
"673","5736",681,"64","2","VIRG","4"
"674","5737",682,"64","2","VIRG","4"
"675","5738",683,"64","2","VIRG","4"
"676","5739",684,"18","2","VIRG","3"
"677","5740",685,"21","2","VIRG","3"
"678","5741",686,"10","2","VIRG","3"
"679","5742",687,"47","2","VIRG","4"
"680","5743",688,"11","2","VIRG","3"
"681","5745",689,"51","2","VIRG","4"
"682","5746",690,"6","2","VIRG","3"
"683","5747",691,"6","2","VIRG","3"
"684","5748",692,"1","2","VIRG","3"
"685","5749",693,"41","2","VIRG","4"
"686","5750",694,"46","2","VIRG","4"
"687","5751",695,"2","2","VIRG","3"
"688","5752",696,"4","2","VIRG","3"
"689","5753",697,"4","2","VIRG","3"
"690","5754",698,"40","2","VIRG","4"
"691","5755",699,"40","2","VIRG","4"
"692","5756",700,"42","2","VIRG","2"
"693","5757",701,"42","2","VIRG","2"
"694","5758",702,"42","2","VIRG","2"
"695","5759",703,"42","2","VIRG","2"
"696","5760",704,"18","2","VIRG","3"
"697","5761",705,"15","2","VIRG","3"
"698","5762",706,"17","2","VIRG","3"
"699","5763",707,"35","2","VIRG","4"
"700","5764",708,"42","3","SWAN","2"
"701","5768",709,"63","3","SWAN","4"
"702","5769",710,"38","3","SWAN","4"
"703","5770",711,"38","3","SWAN","4"
"704","5771",712,"38","3","SWAN","4"
"705","5772",713,"52","3","SWAN","4"
"706","5773",714,"52","3","SWAN","4"
"707","5774",715,"51","3","SWAN","4"
"708","5775",716,"51","3","SWAN","4"
"709","5776",717,"53","3","SWAN","5"
"710","5777",718,"53","3","SWAN","5"
"711","5778",719,"23","3","SWAN","3"
"712","5780",720,"23","3","SWAN","3"
"713","5781",721,"29","3","SWAN","4"
"714","5782",722,"29","3","SWAN","4"
"715","5783",723,"54","3","SWAN","5"
"716","5784",724,"31","3","SWAN","4"
"717","5785",725,"31","3","SWAN","4"
"718","5786",726,"47","3","SWAN","4"
"719","5787",727,"47","3","SWAN","4"
"720","5788",728,"10","3","SWAN","3"
"721","5789",729,"10","3","SWAN","3"
"722","5790",730,"11","3","SWAN","3"
"723","5791",731,"11","3","SWAN","3"
"724","5792",732,"37","3","SWAN","4"
"725","5793",733,"37","3","SWAN","4"
"726","5794",734,"37","3","SWAN","4"
"727","5795",735,"37","3","SWAN","4"
"728","5796",736,"18","3","SWAN","3"
"729","5797",737,"18","3","SWAN","3"
"730","5798",738,"64","3","SWAN","4"
"731","5799",739,"64","3","SWAN","4"
"732","5800",740,"6","3","SWAN","3"
"733","5801",741,"6","3","SWAN","3"
"734","5802",742,"67","3","SWAN","5"
"735","5803",743,"26","3","SWAN","5"
"736","5804",744,"26","3","SWAN","5"
"737","5805",745,"55","3","SWAN","3"
"738","5806",746,"55","3","SWAN","3"
"739","5807",747,"45","3","SWAN","4"
"740","5808",748,"60","3","SWAN","4"
"741","5809",749,"60","3","SWAN","4"
"742","5810",750,"1","3","SWAN","3"
"743","5811",751,"1","3","SWAN","3"
"744","5812",752,"41","3","SWAN","4"
"745","5813",753,"40","3","SWAN","4"
"746","5814",754,"40","3","SWAN","4"
"747","5815",755,"4","3","SWAN","3"
"748","5816",756,"4","3","SWAN","3"
"749","5817",757,"44","3","SWAN","1"
"750","5818",758,"44","3","SWAN","1"
"751","5819",759,"49","3","SWAN","4"
"752","5820",760,"49","3","SWAN","4"
"753","5821",761,"43","3","SWAN","1"
"754","5822",762,"43","3","SWAN","1"
"755","5823",763,"36","3","SWAN","4"
"756","5824",764,"36","3","SWAN","4"
"757","5825",765,"39","3","SWAN","4"
"758","5826",766,"39","3","SWAN","4"
"759","5827",767,"39","3","SWAN","4"
"760","5828",768,"39","3","SWAN","4"
"761","5829",769,"13","3","SWAN","3"
"762","5830",770,"13","3","SWAN","3"
"763","5831",771,"58","3","SWAN","5"
"764","5832",772,"58","3","SWAN","5"
"765","5833",773,"28","3","SWAN","5"
"766","5834",774,"28","3","SWAN","5"
"767","5835",775,"12","3","SWAN","3"
"768","5836",776,"12","3","SWAN","3"
"769","5837",777,"35","3","SWAN","4"
"770","5838",778,"35","3","SWAN","4"
"771","5839",779,"35","3","SWAN","4"
"772","5841",780,"17","3","SWAN","3"
"773","5843",781,"15","3","SWAN","3"
"774","5844",782,"15","3","SWAN","3"
"775","5845",783,"16","3","SWAN","3"
"776","5846",784,"16","3","SWAN","3"
"777","5847",785,"33","3","SWAN","4"
"778","5848",786,"7","3","SWAN","3"
"779","5849",787,"13","3","SWAN","3"
"780","5850",788,"13","3","SWAN","3"
"781","5851",789,"13","3","SWAN","3"
"782","5852",790,"58","3","SWAN","5"
"783","5853",791,"58","3","SWAN","5"
"784","5854",792,"58","3","SWAN","5"
"785","5855",793,"28","3","SWAN","5"
"786","5856",794,"28","3","SWAN","5"
"787","5857",795,"12","3","SWAN","3"
"788","5859",796,"29","3","SWAN","4"
"789","5860",797,"23","3","SWAN","3"
"790","5861",798,"23","3","SWAN","3"
"791","5862",799,"53","3","SWAN","5"
"792","5863",800,"53","3","SWAN","5"
"793","5864",801,"54","3","SWAN","5"
"794","5865",802,"54","3","SWAN","5"
"795","5866",803,"31","3","SWAN","4"
"796","5867",804,"52","3","SWAN","4"
"797","5868",805,"52","3","SWAN","4"
"798","5869",806,"51","3","SWAN","4"
"799","5870",807,"51","3","SWAN","4"
"800","5871",808,"65","3","SWAN","4"
"801","5872",809,"64","3","SWAN","4"
"802","5873",810,"18","3","SWAN","3"
"803","5874",811,"18","3","SWAN","3"
"804","5875",812,"37","3","SWAN","4"
"805","5876",813,"16","3","SWAN","3"
"806","5877",814,"16","3","SWAN","3"
"807","5878",815,"16","3","SWAN","3"
"808","5879",816,"15","3","SWAN","3"
"809","5880",817,"15","3","SWAN","3"
"810","5881",818,"29","3","SWAN","4"
"811","5882",819,"29","3","SWAN","4"
"812","5883",820,"11","3","SWAN","3"
"813","5884",821,"54","3","SWAN","5"
"814","5885",822,"23","3","SWAN","3"
"815","5886",823,"23","3","SWAN","3"
"816","5887",824,"53","3","SWAN","5"
"817","5888",825,"47","3","SWAN","4"
"818","5889",826,"47","3","SWAN","4"
"819","5890",827,"10","3","SWAN","3"
"820","5891",828,"54","3","SWAN","5"
"821","5893",829,"10","3","SWAN","3"
"822","5894",830,"7","3","SWAN","3"
"823","5895",831,"7","3","SWAN","3"
"824","5896",832,"49","3","SWAN","4"
"825","5897",833,"43","3","SWAN","1"
"826","5898",834,"43","3","SWAN","1"
"827","5899",835,"44","3","SWAN","1"
"828","5900",836,"44","3","SWAN","1"
"829","5901",837,"36","3","SWAN","4"
"830","5902",838,"36","3","SWAN","4"
"831","5903",839,"4","3","SWAN","3"
"832","5904",840,"4","3","SWAN","3"
"833","5905",841,"41","3","SWAN","4"
"834","5907",842,"40","3","SWAN","4"
"835","5908",843,"40","3","SWAN","4"
"836","5909",844,"1","3","SWAN","3"
"837","5910",845,"1","3","SWAN","3"
"838","5911",846,"6","3","SWAN","3"
"839","5912",847,"6","3","SWAN","3"
"840","5913",848,"38","3","SWAN","4"
"841","5914",849,"38","3","SWAN","4"
"842","5915",850,"38","3","SWAN","4"
"843","5916",851,"28","3","SWAN","5"
"844","5917",852,"28","3","SWAN","5"
"845","5918",853,"12","3","SWAN","3"
"846","5919",854,"12","3","SWAN","3"
"847","5920",855,"12","3","SWAN","3"
"848","5921",856,"13","3","SWAN","3"
"849","5922",857,"31","3","SWAN","4"
"850","5923",858,"31","3","SWAN","4"
"851","5924",859,"35","3","SWAN","4"
"852","5925",860,"35","3","SWAN","4"
"853","5926",861,"6","3","SWAN","3"
"854","5927",862,"6","3","SWAN","3"
"855","5930",863,"36","3","SWAN","4"
"856","5931",864,"36","3","SWAN","4"
"857","5932",865,"49","3","SWAN","4"
"858","5933",866,"49","3","SWAN","4"
"859","5934",867,"44","3","SWAN","1"
"860","5935",868,"43","3","SWAN","1"
"861","5936",869,"43","3","SWAN","1"
"862","5937",870,"60","3","SWAN","4"
"863","5938",871,"60","3","SWAN","4"
"864","5939",872,"55","3","SWAN","3"
"865","5940",873,"55","3","SWAN","3"
"866","5941",874,"45","3","SWAN","4"
"867","5942",875,"45","3","SWAN","4"
"868","5943",876,"45","3","SWAN","4"
"869","5944",877,"42","3","SWAN","2"
"870","5945",878,"42","3","SWAN","2"
"871","5946",879,"15","3","SWAN","3"
"872","5947",880,"15","3","SWAN","3"
"873","5948",881,"16","3","SWAN","3"
"874","5949",882,"16","3","SWAN","3"
"875","5950",883,"17","3","SWAN","3"
"876","5951",884,"17","3","SWAN","3"
"877","5952",885,"17","3","SWAN","3"
"878","5953",886,"35","3","SWAN","4"
"879","5954",887,"35","3","SWAN","4"
"880","5955",888,"39","3","SWAN","4"
"881","5956",889,"60","3","SWAN","4"
"882","5957",890,"60","3","SWAN","4"
"883","5958",891,"60","3","SWAN","4"
"884","5959",892,"45","3","SWAN","4"
"885","5960",893,"45","3","SWAN","4"
"886","5961",894,"55","3","SWAN","3"
"887","5962",895,"55","3","SWAN","3"
"888","5963",896,"66","3","SWAN","5"
"889","5964",897,"66","3","SWAN","5"
"890","5965",898,"66","3","SWAN","5"
"891","5966",899,"26","3","SWAN","5"
"892","5967",900,"26","3","SWAN","5"
"893","5969",901,"52","3","SWAN","4"
"894","5970",902,"51","3","SWAN","4"
"895","5971",903,"51","3","SWAN","4"
"896","5972",904,"66","3","SWAN","5"
"897","5973",905,"66","3","SWAN","5"
"898","5974",906,"66","3","SWAN","5"
"899","5975",907,"26","3","SWAN","5"
"900","5976",908,"26","3","SWAN","5"
"901","5977",909,"7","3","SWAN","3"
"902","5978",910,"7","3","SWAN","3"
"903","5979",911,"7","3","SWAN","3"
"904","5980",912,"39","3","SWAN","4"
"905","5981",913,"39","3","SWAN","4"
"906","5982",914,"10","3","SWAN","3"
"907","5983",915,"10","3","SWAN","3"
"908","5984",916,"11","3","SWAN","3"
"909","5985",917,"11","3","SWAN","3"
"910","5986",918,"47","3","SWAN","4"
"911","5987",919,"47","3","SWAN","4"
"912","5988",920,"40","3","SWAN","4"
"913","5989",921,"4","3","SWAN","3"
"914","5990",922,"4","3","SWAN","3"
"915","5991",923,"4","3","SWAN","3"
"916","5992",924,"41","3","SWAN","4"
"917","5994",925,"41","3","SWAN","4"
"918","5995",926,"1","3","SWAN","3"
"919","5996",927,"1","3","SWAN","3"
"920","5997",928,"64","3","SWAN","4"
"921","5998",929,"64","3","SWAN","4"
"922","5999",930,"18","3","SWAN","3"
"923","6000",931,"18","3","SWAN","3"
"924","6001",932,"37","3","SWAN","4"
"925","6002",933,"31","3","SWAN","4"
"926","6003",934,"31","3","SWAN","4"
"927","6004",935,"37","3","SWAN","4"
"928","6005",936,"52","3","SWAN","4"
"929","6006",937,"65","3","SWAN","4"
"930","6007",938,"64","3","SWAN","4"
"931","6008",939,"18","3","SWAN","3"
"932","6009",940,"18","3","SWAN","3"
"933","6010",941,"52","3","SWAN","4"
"934","6011",942,"52","3","SWAN","4"
"935","6012",943,"51","3","SWAN","4"
"936","6013",944,"51","3","SWAN","4"
"937","6014",945,"51","3","SWAN","4"
"938","6015",946,"41","3","SWAN","4"
"939","6016",947,"41","3","SWAN","4"
"940","6017",948,"1","3","SWAN","3"
"941","6018",949,"1","3","SWAN","3"
"942","6020",950,"40","3","SWAN","4"
"943","6021",951,"4","3","SWAN","3"
"944","6022",952,"4","3","SWAN","3"
"945","6023",953,"29","3","SWAN","4"
"946","6024",954,"29","3","SWAN","4"
"947","6025",955,"54","3","SWAN","5"
"948","6026",956,"54","3","SWAN","5"
"949","6027",957,"54","3","SWAN","5"
"950","6028",958,"53","3","SWAN","5"
"951","6029",959,"23","3","SWAN","3"
"952","6030",960,"23","3","SWAN","3"
"953","6031",961,"35","3","SWAN","4"
"954","6032",962,"35","3","SWAN","4"
"955","6033",963,"55","3","SWAN","3"
"956","6034",964,"55","3","SWAN","3"
"957","6035",965,"60","3","SWAN","4"
"958","6036",966,"60","3","SWAN","4"
"959","6037",967,"45","3","SWAN","4"
"960","6038",968,"45","3","SWAN","4"
"961","6039",969,"7","3","SWAN","3"
"962","6040",970,"7","3","SWAN","3"
"963","6041",971,"7","3","SWAN","3"
"964","6042",972,"1","3","SWAN","3"
"965","6043",973,"1","3","SWAN","3"
"966","6044",974,"41","3","SWAN","4"
"967","6045",975,"41","3","SWAN","4"
"968","6046",976,"40","3","SWAN","4"
"969","6047",977,"40","3","SWAN","4"
"970","6048",978,"4","3","SWAN","3"
"971","6050",979,"15","3","SWAN","3"
"972","6051",980,"15","3","SWAN","3"
"973","6052",981,"17","3","SWAN","3"
"974","6053",982,"17","3","SWAN","3"
"975","6054",983,"17","3","SWAN","3"
"976","6055",984,"16","3","SWAN","3"
"977","6056",985,"16","3","SWAN","3"
"978","6057",986,"7","3","SWAN","3"
"979","6058",987,"38","3","SWAN","4"
"980","6059",988,"60","3","SWAN","4"
"981","6060",989,"60","3","SWAN","4"
"982","6061",990,"55","3","SWAN","3"
"983","6062",991,"55","3","SWAN","3"
"984","6063",992,"45","3","SWAN","4"
"985","6064",993,"45","3","SWAN","4"
"986","6065",994,"37","3","SWAN","4"
"987","6067",995,"18","3","SWAN","3"
"988","6069",996,"64","3","SWAN","4"
"989","6070",997,"64","3","SWAN","4"
"990","6071",998,"39","3","SWAN","4"
"991","6072",999,"49","3","SWAN","4"
"992","6074",1000,"49","3","SWAN","4"
"993","6075",1001,"44","3","SWAN","1"
"994","6076",1002,"44","3","SWAN","1"
"995","6077",1003,"44","3","SWAN","1"
"996","6078",1004,"36","3","SWAN","4"
"997","6079",1005,"36","3","SWAN","4"
"998","6080",1006,"43","3","SWAN","1"
"999","6081",1007,"43","3","SWAN","1"
"1000","6082",1008,"16","3","SWAN","3"
"1001","6083",1009,"16","3","SWAN","3"
"1002","6084",1010,"17","3","SWAN","3"
"1003","6085",1011,"15","3","SWAN","3"
"1004","6086",1012,"15","3","SWAN","3"
"1005","6087",1013,"42","3","SWAN","2"
"1006","6088",1014,"42","3","SWAN","2"
"1007","6089",1015,"42","3","SWAN","2"
"1008","6090",1016,"6","3","SWAN","3"
"1009","6091",1017,"6","3","SWAN","3"
"1010","6092",1018,"49","3","SWAN","4"
"1011","6093",1019,"49","3","SWAN","4"
"1012","6094",1020,"43","3","SWAN","1"
"1013","6095",1021,"43","3","SWAN","1"
"1014","6096",1022,"36","3","SWAN","4"
"1015","6097",1023,"36","3","SWAN","4"
"1016","6098",1024,"44","3","SWAN","1"
"1017","6099",1025,"44","3","SWAN","1"
"1019","6101",1026,"67","3","SWAN","5"
"1018","6100",1027,"66","3","SWAN","5"
"1020","6102",1028,"26","3","SWAN","5"
"1021","6103",1029,"26","3","SWAN","5"
"1022","6104",1030,"63","3","SWAN","4"
"1023","6105",1031,"63","3","SWAN","4"
"1024","6106",1032,"63","3","SWAN","4"
"1025","6107",1033,"12","3","SWAN","3"
"1026","6108",1034,"58","3","SWAN","5"
"1027","6109",1035,"58","3","SWAN","5"
"1028","6110",1036,"58","3","SWAN","5"
"1029","6111",1037,"58","3","SWAN","5"
"1030","6112",1038,"13","3","SWAN","3"
"1031","6113",1039,"13","3","SWAN","3"
"1032","6114",1040,"13","3","SWAN","3"
"1033","6115",1041,"13","3","SWAN","3"
"1034","6116",1042,"28","3","SWAN","5"
"1035","6117",1043,"28","3","SWAN","5"
"1036","6118",1044,"63","3","SWAN","4"
"1037","6119",1045,"63","3","SWAN","4"
"1038","6120",1046,"63","3","SWAN","4"
"1039","6121",1047,"63","3","SWAN","4"
"1040","6122",1048,"38","3","SWAN","4"
"1041","6123",1049,"38","3","SWAN","4"
"1042","6124",1050,"38","3","SWAN","4"
"1043","6125",1051,"62","3","SWAN","3"
"1044","6126",1052,"52","3","SWAN","4"
"1045","6127",1053,"51","3","SWAN","4"
"1046","6128",1054,"51","3","SWAN","4"
"1047","6129",1055,"6","3","SWAN","3"
"1048","6130",1056,"6","3","SWAN","3"
"1049","6131",1057,"6","3","SWAN","3"
"1050","6132",1058,"66","3","SWAN","5"
"1051","6133",1059,"26","3","SWAN","5"
"1052","6134",1060,"26","3","SWAN","5"
"1053","6135",1061,"26","3","SWAN","5"
"1054","6136",1062,"10","3","SWAN","3"
"1055","6137",1063,"10","3","SWAN","3"
"1056","6138",1064,"47","3","SWAN","4"
"1057","6139",1065,"47","3","SWAN","4"
"1058","6140",1066,"11","3","SWAN","3"
"1059","6141",1067,"11","3","SWAN","3"
"1060","6142",1068,"30","3","SWAN","4"
"1061","6143",1069,"42","3","SWAN","2"
"1062","6144",1070,"39","3","SWAN","4"
"1063","6145",1071,"39","3","SWAN","4"
"1064","6146",1072,"29","3","SWAN","4"
"1065","6147",1073,"29","3","SWAN","4"
"1066","6148",1074,"53","3","SWAN","5"
"1067","6149",1075,"53","3","SWAN","5"
"1068","6150",1076,"54","3","SWAN","5"
"1069","6151",1077,"54","3","SWAN","5"
"1070","6152",1078,"23","3","SWAN","3"
"1071","6153",1079,"23","3","SWAN","3"
"1072","6154",1080,"35","3","SWAN","4"
"1073","6155",1081,"35","3","SWAN","4"
"1074","6156",1082,"46","3","SWAN","4"
"1075","6157",1083,"10","3","SWAN","3"
"1076","6158",1084,"10","3","SWAN","3"
"1077","6159",1085,"11","3","SWAN","3"
"1078","6160",1086,"11","3","SWAN","3"
"1079","6161",1087,"23","3","SWAN","3"
"1080","6162",1088,"47","3","SWAN","4"
"1081","6163",1089,"58","3","SWAN","5"
"1082","6164",1090,"12","3","SWAN","3"
"1083","6165",1091,"12","3","SWAN","3"
"1084","6166",1092,"12","3","SWAN","3"
"1085","6167",1093,"28","3","SWAN","5"
"1086","6168",1094,"28","3","SWAN","5"
"1087","6169",1095,"13","3","SWAN","3"
"1088","6170",1096,"31","3","SWAN","4"
"1089","6171",1097,"31","3","SWAN","4"
"1090","6172",1098,"31","3","SWAN","4"
"1091","6173",1099,"44","4","TIME","1"
"1092","6174",1100,"44","4","TIME","1"
"1093","6175",1101,"36","4","TIME","4"
"1094","6176",1102,"36","4","TIME","4"
"1095","6177",1103,"49","4","TIME","4"
"1096","6178",1104,"43","4","TIME","1"
"1097","6179",1105,"43","4","TIME","1"
"1098","6180",1106,"18","4","TIME","3"
"1099","6181",1107,"18","4","TIME","3"
"1100","6183",1108,"37","4","TIME","4"
"1101","6184",1109,"65","4","TIME","4"
"1102","6186",1110,"26","4","TIME","5"
"1103","6187",1111,"26","4","TIME","5"
"1104","6188",1112,"67","4","TIME","5"
"1105","6189",1113,"66","4","TIME","5"
"1106","6190",1114,"33","4","TIME","4"
"1107","6191",1115,"7","4","TIME","3"
"1108","6192",1116,"10","4","TIME","3"
"1109","6193",1117,"10","4","TIME","3"
"1110","6194",1118,"11","4","TIME","3"
"1111","6195",1119,"11","4","TIME","3"
"1112","6196",1120,"47","4","TIME","4"
"1113","6197",1121,"47","4","TIME","4"
"1114","6198",1122,"47","4","TIME","4"
"1115","6199",1123,"45","4","TIME","4"
"1116","6200",1124,"45","4","TIME","4"
"1117","6201",1125,"55","4","TIME","3"
"1118","6202",1126,"60","4","TIME","4"
"1119","6203",1127,"60","4","TIME","4"
"1120","6204",1128,"55","4","TIME","3"
"1121","6205",1129,"13","4","TIME","3"
"1122","6206",1130,"13","4","TIME","3"
"1123","6207",1131,"58","4","TIME","5"
"1124","6208",1132,"58","4","TIME","5"
"1125","6209",1133,"12","4","TIME","3"
"1126","6210",1134,"12","4","TIME","3"
"1127","6211",1135,"28","4","TIME","5"
"1128","6212",1136,"28","4","TIME","5"
"1129","6213",1137,"29","4","TIME","4"
"1130","6214",1138,"63","4","TIME","4"
"1131","6215",1139,"63","4","TIME","4"
"1132","6216",1140,"23","4","TIME","3"
"1133","6217",1141,"53","4","TIME","5"
"1134","6218",1142,"53","4","TIME","5"
"1135","6219",1143,"29","4","TIME","4"
"1136","6220",1144,"23","4","TIME","3"
"1137","6221",1145,"54","4","TIME","5"
"1138","6222",1146,"54","4","TIME","5"
"1139","6223",1147,"51","4","TIME","4"
"1140","6224",1148,"51","4","TIME","4"
"1141","6225",1149,"52","4","TIME","4"
"1142","6226",1150,"52","4","TIME","4"
"1143","6227",1151,"16","4","TIME","3"
"1144","6228",1152,"52","4","TIME","4"
"1145","6229",1153,"16","4","TIME","3"
"1146","6230",1154,"15","4","TIME","3"
"1147","6231",1155,"15","4","TIME","3"
"1148","6232",1156,"17","4","TIME","3"
"1149","6233",1157,"31","4","TIME","4"
"1150","6234",1158,"31","4","TIME","4"
"1151","6235",1159,"35","4","TIME","4"
"1152","6236",1160,"35","4","TIME","4"
"1153","6237",1161,"6","4","TIME","3"
"1154","6238",1162,"39","4","TIME","4"
"1155","6239",1163,"39","4","TIME","4"
"1156","6240",1164,"40","4","TIME","4"
"1157","6241",1165,"40","4","TIME","4"
"1158","6242",1166,"1","4","TIME","3"
"1159","6243",1167,"41","4","TIME","4"
"1160","6244",1168,"4","4","TIME","3"
"1161","6245",1169,"4","4","TIME","3"
"1162","6246",1170,"41","4","TIME","4"
"1163","6247",1171,"4","4","TIME","3"
"1164","6248",1172,"18","4","TIME","3"
"1165","6249",1173,"18","4","TIME","3"
"1166","6251",1174,"37","4","TIME","4"
"1167","6252",1175,"64","4","TIME","4"
"1168","6253",1176,"64","4","TIME","4"
"1169","6254",1177,"35","4","TIME","4"
"1170","6255",1178,"35","4","TIME","4"
"1171","6256",1179,"55","4","TIME","3"
"1172","6257",1180,"55","4","TIME","3"
"1173","6258",1181,"60","4","TIME","4"
"1174","6259",1182,"60","4","TIME","4"
"1175","6260",1183,"45","4","TIME","4"
"1176","6261",1184,"45","4","TIME","4"
"1177","6262",1185,"22","4","TIME","3"
"1178","6263",1186,"7","4","TIME","3"
"1180","6265",1187,"1","4","TIME","3"
"1179","6264",1188,"1","4","TIME","3"
"1181","6266",1189,"40","4","TIME","4"
"1182","6268",1190,"4","4","TIME","3"
"1184","6270",1191,"41","4","TIME","4"
"1183","6269",1192,"41","4","TIME","4"
"1185","6271",1193,"12","4","TIME","3"
"1186","6272",1194,"58","4","TIME","5"
"1187","6273",1195,"12","4","TIME","3"
"1188","6274",1196,"13","4","TIME","3"
"1189","6275",1197,"13","4","TIME","3"
"1190","6277",1198,"28","4","TIME","5"
"1191","6278",1199,"28","4","TIME","5"
"1192","6279",1200,"51","4","TIME","4"
"1193","6280",1201,"51","4","TIME","4"
"1194","6281",1202,"52","4","TIME","4"
"1195","6282",1203,"52","4","TIME","4"
"1196","6283",1204,"49","4","TIME","4"
"1197","6284",1205,"49","4","TIME","4"
"1198","6285",1206,"49","4","TIME","4"
"1199","6286",1207,"44","4","TIME","1"
"1200","6287",1208,"44","4","TIME","1"
"1201","6288",1209,"43","4","TIME","1"
"1202","6289",1210,"43","4","TIME","1"
"1203","6290",1211,"36","4","TIME","4"
"1204","6291",1212,"36","4","TIME","4"
"1205","6292",1213,"31","4","TIME","4"
"1206","6293",1214,"31","4","TIME","4"
"1207","6294",1215,"63","4","TIME","4"
"1208","6295",1216,"63","4","TIME","4"
"1209","6296",1217,"53","4","TIME","5"
"1210","6297",1218,"53","4","TIME","5"
"1211","6298",1219,"54","4","TIME","5"
"1212","6299",1220,"54","4","TIME","5"
"1213","6300",1221,"23","4","TIME","3"
"1214","6301",1222,"23","4","TIME","3"
"1215","6302",1223,"55","4","TIME","3"
"1216","6303",1224,"55","4","TIME","3"
"1217","6304",1225,"45","4","TIME","4"
"1218","6305",1226,"45","4","TIME","4"
"1219","6306",1227,"60","4","TIME","4"
"1220","6307",1228,"60","4","TIME","4"
"1221","6308",1229,"42","4","TIME","2"
"1222","6309",1230,"42","4","TIME","2"
"1223","6310",1231,"6","4","TIME","3"
"1224","6311",1232,"6","4","TIME","3"
"1225","6312",1233,"6","4","TIME","3"
"1226","6313",1234,"42","4","TIME","2"
"1227","6314",1235,"23","4","TIME","3"
"1228","6315",1236,"42","4","TIME","2"
"1229","6316",1237,"42","4","TIME","2"
"1230","6317",1238,"44","4","TIME","1"
"1231","6318",1239,"49","4","TIME","4"
"1232","6319",1240,"49","4","TIME","4"
"1233","6320",1241,"49","4","TIME","4"
"1234","6321",1242,"43","4","TIME","1"
"1235","6322",1243,"43","4","TIME","1"
"1236","6323",1244,"36","4","TIME","4"
"1237","6324",1245,"36","4","TIME","4"
"1238","6325",1246,"36","4","TIME","4"
"1239","6326",1247,"31","4","TIME","4"
"1240","6327",1248,"31","4","TIME","4"
"1241","6328",1249,"17","4","TIME","3"
"1242","6329",1250,"17","4","TIME","3"
"1243","6330",1251,"15","4","TIME","3"
"1244","6331",1252,"15","4","TIME","3"
"1245","6332",1253,"16","4","TIME","3"
"1246","6333",1254,"16","4","TIME","3"
"1247","6334",1255,"38","4","TIME","4"
"1248","6335",1256,"38","4","TIME","4"
"1249","6336",1257,"38","4","TIME","4"
"1250","6337",1258,"15","4","TIME","3"
"1251","6338",1259,"15","4","TIME","3"
"1252","6339",1260,"17","4","TIME","3"
"1253","6340",1261,"17","4","TIME","3"
"1254","6341",1262,"16","4","TIME","3"
"1255","6342",1263,"16","4","TIME","3"
"1256","6343",1264,"66","4","TIME","5"
"1257","6344",1265,"26","4","TIME","5"
"1258","6345",1266,"26","4","TIME","5"
"1259","6346",1267,"63","4","TIME","4"
"1260","6347",1268,"63","4","TIME","4"
"1261","6348",1269,"35","4","TIME","4"
"1262","6349",1270,"35","4","TIME","4"
"1263","6350",1271,"54","4","TIME","5"
"1264","6351",1272,"54","4","TIME","5"
"1265","6353",1273,"23","4","TIME","3"
"1266","6354",1274,"29","4","TIME","4"
"1267","6355",1275,"29","4","TIME","4"
"1268","6356",1276,"53","4","TIME","5"
"1269","6357",1277,"18","4","TIME","3"
"1270","6358",1278,"18","4","TIME","3"
"1271","6359",1279,"37","4","TIME","4"
"1272","6360",1280,"37","4","TIME","4"
"1273","6361",1281,"64","4","TIME","4"
"1274","6362",1282,"65","4","TIME","4"
"1275","6363",1283,"39","4","TIME","4"
"1276","6364",1284,"39","4","TIME","4"
"1277","6365",1285,"26","4","TIME","5"
"1278","6366",1286,"26","4","TIME","5"
"1279","6367",1287,"66","4","TIME","5"
"1280","6368",1288,"66","4","TIME","5"
"1281","6369",1289,"66","4","TIME","5"
"1282","6370",1290,"47","4","TIME","4"
"1283","6371",1291,"11","4","TIME","3"
"1284","6372",1292,"11","4","TIME","3"
"1285","6373",1293,"10","4","TIME","3"
"1286","6374",1294,"10","4","TIME","3"
"1287","6375",1295,"12","4","TIME","3"
"1288","6376",1296,"12","4","TIME","3"
"1289","6377",1297,"13","4","TIME","3"
"1290","6378",1298,"13","4","TIME","3"
"1291","6379",1299,"28","4","TIME","5"
"1292","6380",1300,"28","4","TIME","5"
"1293","6381",1301,"58","4","TIME","5"
"1294","6382",1302,"58","4","TIME","5"
"1295","6383",1303,"52","4","TIME","4"
"1296","6384",1304,"52","4","TIME","4"
"1297","6385",1305,"51","4","TIME","4"
"1298","6386",1306,"51","4","TIME","4"
"1299","6387",1307,"41","4","TIME","4"
"1300","6388",1308,"41","4","TIME","4"
"1301","6390",1309,"40","4","TIME","4"
"1302","6391",1310,"40","4","TIME","4"
"1303","6392",1311,"4","4","TIME","3"
"1304","6393",1312,"4","4","TIME","3"
"1305","6394",1313,"1","4","TIME","3"
"1306","6395",1314,"1","4","TIME","3"
"1307","6396",1315,"6","4","TIME","3"
"1308","6397",1316,"6","4","TIME","3"
"1309","6398",1317,"6","4","TIME","3"
"1310","6399",1318,"6","4","TIME","3"
"1311","6400",1319,"37","4","TIME","4"
"1312","6401",1320,"37","4","TIME","4"
"1313","6402",1321,"18","4","TIME","3"
"1314","6403",1322,"18","4","TIME","3"
"1315","6404",1323,"64","4","TIME","4"
"1316","6405",1324,"65","4","TIME","4"
"1317","6406",1325,"52","4","TIME","4"
"1318","6407",1326,"52","4","TIME","4"
"1319","6408",1327,"51","4","TIME","4"
"1320","6409",1328,"51","4","TIME","4"
"1321","6411",1329,"12","4","TIME","3"
"1322","6412",1330,"58","4","TIME","5"
"1323","6413",1331,"58","4","TIME","5"
"1324","6414",1332,"58","4","TIME","5"
"1325","6415",1333,"28","4","TIME","5"
"1326","6416",1334,"28","4","TIME","5"
"1327","6417",1335,"13","4","TIME","3"
"1328","6418",1336,"13","4","TIME","3"
"1329","6419",1337,"49","4","TIME","4"
"1330","6420",1338,"44","4","TIME","1"
"1331","6421",1339,"44","4","TIME","1"
"1332","6422",1340,"44","4","TIME","1"
"1333","6423",1341,"44","4","TIME","1"
"1334","6424",1342,"43","4","TIME","1"
"1335","6425",1343,"43","4","TIME","1"
"1336","6426",1344,"31","4","TIME","4"
"1337","6427",1345,"31","4","TIME","4"
"1338","6428",1346,"29","4","TIME","4"
"1339","6429",1347,"29","4","TIME","4"
"1340","6430",1348,"29","4","TIME","4"
"1341","6431",1349,"29","4","TIME","4"
"1342","6432",1350,"23","4","TIME","3"
"1343","6433",1351,"23","4","TIME","3"
"1344","6434",1352,"53","4","TIME","5"
"1345","6435",1353,"54","4","TIME","5"
"1346","6436",1354,"54","4","TIME","5"
"1347","6437",1355,"1","4","TIME","3"
"1348","6438",1356,"1","4","TIME","3"
"1349","6439",1357,"41","4","TIME","4"
"1350","6440",1358,"40","4","TIME","4"
"1351","6441",1359,"40","4","TIME","4"
"1352","6442",1360,"4","4","TIME","3"
"1353","6443",1361,"4","4","TIME","3"
"1354","6444",1362,"7","4","TIME","3"
"1355","6445",1363,"7","4","TIME","3"
"1356","6446",1364,"7","4","TIME","3"
"1357","6447",1365,"7","4","TIME","3"
"1358","6448",1366,"39","4","TIME","4"
"1359","6449",1367,"39","4","TIME","4"
"1360","6450",1368,"10","4","TIME","3"
"1361","6451",1369,"47","4","TIME","4"
"1362","6452",1370,"47","4","TIME","4"
"1363","6453",1371,"10","4","TIME","3"
"1364","6454",1372,"11","4","TIME","3"
"1365","6455",1373,"11","4","TIME","3"
"1366","6456",1374,"42","4","TIME","2"
"1367","6457",1375,"42","4","TIME","2"
"1368","6458",1376,"42","4","TIME","2"
"1370","6460",1377,"55","4","TIME","3"
"1369","6459",1378,"60","4","TIME","4"
"1372","6462",1379,"55","4","TIME","3"
"1371","6461",1380,"60","4","TIME","4"
"1373","6463",1381,"45","4","TIME","4"
"1374","6464",1382,"45","4","TIME","4"
"1375","6465",1383,"35","4","TIME","4"
"1376","6466",1384,"35","4","TIME","4"
"1377","6467",1385,"35","4","TIME","4"
"1378","6468",1386,"38","4","TIME","4"
"1379","6469",1387,"38","4","TIME","4"
"1380","6470",1388,"38","4","TIME","4"
"1381","6471",1389,"16","4","TIME","3"
"1382","6472",1390,"16","4","TIME","3"
"1383","6473",1391,"17","4","TIME","3"
"1384","6474",1392,"17","4","TIME","3"
"1385","6476",1393,"15","4","TIME","3"
"1386","6477",1394,"15","4","TIME","3"
"1387","6478",1395,"10","4","TIME","3"
"1388","6479",1396,"10","4","TIME","3"
"1389","6480",1397,"47","4","TIME","4"
"1390","6481",1398,"47","4","TIME","4"
"1391","6482",1399,"47","4","TIME","4"
"1392","6483",1400,"11","4","TIME","3"
"1393","6484",1401,"11","4","TIME","3"
"1394","6485",1402,"39","4","TIME","4"
"1395","6486",1403,"39","4","TIME","4"
"1396","6487",1404,"9","4","TIME","3"
"1397","6488",1405,"26","4","TIME","5"
"1398","6489",1406,"26","4","TIME","5"
"1399","6491",1407,"66","4","TIME","5"
"1400","6492",1408,"7","4","TIME","3"
"1401","6493",1409,"63","4","TIME","4"
"1402","6494",1410,"63","4","TIME","4"
"1403","6495",1411,"38","4","TIME","4"
"1404","6496",1412,"38","4","TIME","4"
"1405","6497",1413,"38","4","TIME","4"
"1406","6498",1414,"38","4","TIME","4"
"1407","6500",1415,"7","4","TIME","3"
"1408","6501",1416,"7","4","TIME","3"
"1409","6502",1417,"36","4","TIME","4"
"1410","6503",1418,"36","4","TIME","4"
"1411","6504",1419,"36","4","TIME","4"
"1412","6505",1420,"50","4","TIME","4"
"1413","6506",1421,"44","4","TIME","1"
"1414","6507",1422,"49","4","TIME","4"
"1415","6509",1423,"43","4","TIME","1"
"1416","6510",1424,"43","4","TIME","1"
"1417","6511",1425,"16","4","TIME","3"
"1418","6512",1426,"16","4","TIME","3"
"1419","6513",1427,"17","4","TIME","3"
"1420","6514",1428,"17","4","TIME","3"
"1421","6515",1429,"15","4","TIME","3"
"1422","6516",1430,"15","4","TIME","3"
"1423","6518",1431,"45","4","TIME","4"
"1424","6520",1432,"60","4","TIME","4"
"1425","6521",1433,"55","4","TIME","3"
"1426","6522",1434,"55","4","TIME","3"
"1427","6523",1435,"42","4","TIME","2"
"1428","6524",1436,"63","4","TIME","4"
"1429","6525",1437,"63","4","TIME","4"
"1430","6526",1438,"12","4","TIME","3"
"1431","6527",1439,"12","4","TIME","3"
"1432","6528",1440,"28","4","TIME","5"
"1433","6530",1441,"58","4","TIME","5"
"1434","6531",1442,"58","4","TIME","5"
"1435","6532",1443,"13","4","TIME","3"
"1436","6533",1444,"13","4","TIME","3"
"1437","6534",1445,"39","4","TIME","4"
"1438","6535",1446,"39","4","TIME","4"
"1439","6536",1447,"66","4","TIME","5"
"1440","6537",1448,"66","4","TIME","5"
"1441","6538",1449,"67","4","TIME","5"
"1442","6539",1450,"26","4","TIME","5"
"1443","6540",1451,"53","4","TIME","5"
"1444","6541",1452,"53","4","TIME","5"
"1445","6542",1453,"53","4","TIME","5"
"1446","6543",1454,"53","4","TIME","5"
"1447","6544",1455,"29","4","TIME","4"
"1448","6545",1456,"29","4","TIME","4"
"1449","6546",1457,"23","4","TIME","3"
"1450","6547",1458,"23","4","TIME","3"
"1451","6548",1459,"54","4","TIME","5"
"1452","6549",1460,"54","4","TIME","5"
"1453","6550",1461,"35","4","TIME","4"
"1454","6551",1462,"35","4","TIME","4"
"1455","6552",1463,"27","4","TIME","5"
"1456","6553",1464,"52","4","TIME","4"
"1457","6554",1465,"52","4","TIME","4"
"1458","6555",1466,"51","4","TIME","4"
"1459","6556",1467,"51","4","TIME","4"
"1460","6557",1468,"41","4","TIME","4"
"1461","6559",1469,"1","4","TIME","3"
"1462","6560",1470,"1","4","TIME","3"
"1463","6561",1471,"4","4","TIME","3"
"1464","6562",1472,"4","4","TIME","3"
"1465","6563",1473,"40","4","TIME","4"
"1466","6564",1474,"40","4","TIME","4"
"1467","6565",1475,"40","4","TIME","4"
"1468","6566",1476,"47","4","TIME","4"
"1469","6567",1477,"11","4","TIME","3"
"1470","6568",1478,"11","4","TIME","3"
"1471","6569",1479,"10","4","TIME","3"
"1472","6570",1480,"10","4","TIME","3"
"1473","6571",1481,"31","4","TIME","4"
"1474","6572",1482,"31","4","TIME","4"
"1475","6573",1483,"6","4","TIME","3"
"1476","6574",1484,"6","4","TIME","3"
"1477","6575",1485,"37","4","TIME","4"
"1478","6576",1486,"37","4","TIME","4"
"1479","6577",1487,"18","4","TIME","3"
"1480","6578",1488,"18","4","TIME","3"
"1481","6579",1489,"65","4","TIME","4"
"1482","6580",1490,"65","4","TIME","4"
